UDI,Product ID,Type,Air temperature [K],Process temperature [K],Rotational speed [rpm],Torque [Nm],Tool wear [min],Machine failure,TWF,HDF,PWF,OSF,RNF,install_date,idle_time,cycle_time,failure_type
170000,M7823,L,298.5,312.3,1450,52.4,45,0,0,0,0,0,0,3/15/2021,65,512.78,No Failure
170001,H4512,M,305.2,318.7,2100,38.9,120,0,0,0,0,0,0,6/22/2021,42,623.45,No Failure
170002,K8934,H,289.1,301.5,2750,68.3,85,1,0,0,1,0,0,1/10/2022,128,734.21,PWF
170003,P2367,L,312.8,325.4,1150,71.2,210,1,1,0,0,0,0,9/3/2021,185,489.63,TWF
170004,R5678,M,295.3,308.9,1880,45.7,15,0,0,0,0,0,0,11/19/2021,23,567.89,No Failure
170005,T9023,H,318.2,332.6,1420,62.5,175,1,0,1,0,0,0,4/7/2022,156,698.42,HDF
170006,U3456,L,301.7,314.2,2600,55.3,230,1,1,0,0,0,0,8/14/2022,92,445.17,TWF
170007,V7891,M,285.4,298.1,1950,48.9,60,0,0,0,0,0,0,2/28/2021,37,589.34,No Failure
170008,W1234,H,322.5,336.8,1650,72.1,195,1,0,1,1,0,0,12/5/2022,203,712.56,HDF,PWF
170009,X4567,L,296.8,309.4,3050,31.2,140,1,0,0,1,0,0,7/16/2021,78,508.92,PWF
170010,Y8901,M,310.3,323.7,1320,58.7,80,0,0,0,0,0,0,3/9/2022,54,634.78,No Failure
170011,Z2345,H,289.7,302.3,2480,42.6,255,1,1,0,0,0,0,10/28/2021,167,476.23,TWF
170012,A6789,L,304.2,316.9,1750,49.8,35,0,0,0,0,0,0,5/14/2021,19,551.67,No Failure
170013,B0123,M,297.4,310.1,2920,61.4,110,0,0,0,0,0,0,1/30/2022,88,601.45,No Failure
170014,C3456,H,315.6,329.8,1550,55.2,160,1,0,0,0,0,1,9/19/2022,143,682.19,RNF
170015,D6789,L,286.2,298.7,2250,44.5,50,0,0,0,0,0,0,12/12/2021,31,527.84,No Failure
170016,E9012,M,308.9,321.4,1850,67.8,200,1,1,0,0,0,0,6/5/2022,112,463.75,TWF
170017,F1234,H,294.7,307.2,3180,36.4,95,1,0,0,1,0,0,2/18/2021,96,719.33,PWF
170018,G4567,L,302.5,315.1,1420,51.3,25,0,0,0,0,0,0,8/8/2021,27,588.41,No Failure
170019,H7890,M,311.4,324.9,2680,73.8,145,1,0,1,0,0,0,11/3/2022,175,654.28,HDF
170020,I8901,H,288.3,300.8,2050,40.2,180,0,0,0,0,0,0,4/25/2021,48,612.97,No Failure
170021,J2345,L,319.7,333.2,1280,69.5,230,1,1,0,0,0,0,7/31/2022,158,435.86,TWF
170022,K6789,M,296.5,309.8,2350,57.9,70,0,0,0,0,0,0,10/10/2021,62,572.34,No Failure
170023,L0123,H,284.9,297.4,2980,33.7,215,1,0,0,1,0,0,3/27/2022,135,698.72,PWF
170024,M3456,L,307.8,320.5,1620,63.2,55,0,0,0,0,0,0,9/14/2021,41,543.19,No Failure
170025,N6789,M,293.2,305.7,2480,46.8,130,0,0,0,0,0,0,1/5/2022,73,621.45,No Failure
170026,O9012,H,321.3,335.6,1380,70.1,165,1,0,1,0,0,0,6/19/2022,192,685.33,HDF
170027,P2345,L,290.6,303.1,2120,41.5,40,0,0,0,0,0,0,12/28/2021,16,509.87,No Failure
170028,Q5678,M,313.5,326.9,1780,64.7,260,1,1,0,0,0,0,4/12/2022,147,451.29,TWF
170029,R6789,H,299.4,312.8,2880,39.2,105,0,0,0,0,0,0,8/25/2021,58,647.38,No Failure
170030,S1234,L,305.1,317.6,1550,54.6,190,0,0,0,0,0,0,2/3/2022,84,531.76,No Failure
170031,T4567,M,287.8,300.4,2650,71.9,75,1,0,0,1,0,0,10/17/2021,107,688.41,PWF
170032,U7890,H,317.4,331.2,1480,47.3,220,1,1,0,0,0,0,5/29/2022,164,462.58,TWF
170033,V0123,L,295.9,308.5,2320,60.8,30,0,0,0,0,0,0,7/7/2021,33,596.23,No Failure
170034,W3456,M,309.2,322.7,1980,42.9,115,0,0,0,0,0,0,11/14/2022,69,579.94,No Failure
170035,X6789,H,283.5,296.1,3080,35.5,245,1,0,0,1,0,0,3/2/2021,121,705.67,PWF
170036,Y9012,L,311.9,325.3,1350,66.4,90,1,0,1,0,0,0,9/27/2022,189,669.32,HDF
170037,Z2345,M,292.4,304.9,2590,50.2,150,0,0,0,0,0,0,6/11/2021,52,614.88,No Failure
170038,A5678,H,300.7,314.1,1720,59.3,5,0,0,0,0,0,0,1/19/2022,14,556.71,No Failure
170039,B8901,L,314.8,328.4,2020,44.8,205,1,1,0,0,0,0,12/8/2022,171,478.45,TWF
170040,C1234,M,286.5,299.2,2410,63.5,65,0,0,0,0,0,0,4/1/2021,39,637.29,No Failure
170041,D4567,H,320.6,334.9,1190,68.7,195,1,0,1,0,0,0,8/19/2022,199,691.54,HDF
170042,E7890,L,298.9,311.5,2790,37.8,125,0,0,0,0,0,0,2/14/2021,76,548.36,No Failure
170043,F0123,M,304.6,317.2,1640,73.4,85,1,0,0,1,0,0,10/31/2021,114,677.83,PWF
170044,G3456,H,291.3,303.8,2890,49.5,170,0,0,0,0,0,0,5/8/2022,63,603.47,No Failure
170045,H6789,L,316.5,330.1,1430,56.2,240,1,1,0,0,0,0,7/23/2021,154,444.92,TWF
170046,I7890,M,282.7,295.3,2560,41.3,20,0,0,0,0,0,0,3/17/2022,26,584.76,No Failure
170047,J1234,H,308.1,321.6,1860,67.9,110,0,0,0,0,0,0,11/9/2021,81,619.34,No Failure
170048,K4567,L,295.4,308.1,2210,52.7,140,0,0,0,0,0,0,9/5/2022,49,562.89,No Failure
170049,L7890,M,312.7,326.3,1530,60.1,185,1,0,1,0,0,0,1/28/2021,183,693.15,HDF
170050,M0123,H,287.9,300.6,3010,34.2,210,1,0,0,1,0,0,6/15/2022,132,711.28,PWF
170051,N3456,L,303.4,316.2,1960,47.5,55,0,0,0,0,0,0,12/3/2021,35,529.63,No Failure
170052,O6789,M,294.8,307.5,2690,62.8,100,0,0,0,0,0,0,8/28/2022,71,647.81,No Failure
170053,P9012,H,318.9,332.7,1310,69.3,230,1,1,0,0,0,0,4/19/2021,160,439.27,TWF
170054,Q2345,L,289.6,302.4,2410,38.7,45,0,0,0,0,0,0,10/6/2022,21,598.45,No Failure
170055,R5678,M,306.3,319.8,1790,54.9,135,0,0,0,0,0,0,2/25/2021,67,572.93,No Failure
170056,S6789,H,284.2,296.9,2950,43.5,160,0,0,0,0,0,0,7/13/2022,94,682.46,No Failure
170057,T1234,L,310.5,324.1,1470,72.6,200,1,0,1,0,0,0,5/2/2021,191,688.72,HDF
170058,U4567,M,297.3,309.8,2630,35.9,80,1,0,0,1,0,0,11/27/2022,110,704.19,PWF
170059,V7890,H,291.5,304.2,2040,51.4,190,0,0,0,0,0,0,3/12/2021,57,615.58,No Failure
170060,W0123,L,315.2,328.7,1210,58.7,250,1,1,0,0,0,0,9/18/2022,178,456.34,TWF
170061,X3456,M,286.8,299.5,2770,44.3,15,0,0,0,0,0,0,1/6/2021,29,543.87,No Failure
170062,Y6789,H,322.1,336.5,1590,66.5,115,1,0,1,0,0,0,6/29/2022,196,674.53,HDF
170063,Z9012,L,300.2,313.6,2300,39.6,70,0,0,0,0,0,0,8/9/2021,46,586.22,No Failure
170064,A2345,M,293.7,306.3,2130,61.9,145,0,0,0,0,0,0,10/21/2022,80,631.77,No Failure
170065,B5678,H,307.5,321.1,1680,48.2,225,1,1,0,0,0,0,4/4/2021,169,470.18,TWF
170066,C8901,L,290.1,302.7,2840,56.8,35,0,0,0,0,0,0,12/15/2022,38,560.44,No Failure
170067,D1234,M,319.3,332.9,1370,70.4,95,1,0,0,1,0,0,2/19/2021,124,699.25,PWF
170068,E4567,H,296.2,308.9,2520,42.1,165,0,0,0,0,0,0,7/26/2022,72,605.89,No Failure
170069,F7890,L,305.8,319.2,1920,53.7,205,1,1,0,0,0,0,5/11/2021,149,449.63,TWF
170070,G0123,M,288.5,301.3,2670,60.3,50,0,0,0,0,0,0,9/2/2022,18,593.76,No Failure
170071,H3456,H,314.6,328.4,1460,64.8,130,0,0,0,0,0,0,11/16/2021,64,626.38,No Failure
170072,I6789,L,299.7,312.5,2380,37.4,180,0,0,0,0,0,0,3/24/2022,89,579.21,No Failure
170073,J7890,M,309.1,322.8,1750,71.5,75,1,0,0,1,0,0,8/5/2021,117,685.93,PWF
170074,K1234,H,285.3,298.1,3110,33.9,240,1,0,0,1,0,0,1/17/2022,142,715.46,PWF
170075,L4567,L,317.8,331.5,1390,55.4,195,1,0,1,0,0,0,6/8/2022,187,670.28,HDF
170076,M7890,M,294.1,306.8,2590,47.2,25,0,0,0,0,0,0,10/12/2021,27,548.67,No Failure
170077,N0123,H,301.5,315.3,2010,58.9,110,0,0,0,0,0,0,4/28/2022,53,619.44,No Failure
170078,O3456,L,312.4,326.2,1540,62.3,215,1,1,0,0,0,0,12/1/2021,166,461.97,TWF
170079,P6789,M,287.1,299.7,2730,41.8,145,0,0,0,0,0,0,2/9/2022,77,592.34,No Failure
170080,Q9012,H,320.7,335.4,1260,69.8,170,1,0,1,0,0,0,7/19/2021,194,687.61,HDF
170081,R2345,L,295.5,308.3,2430,44.9,85,0,0,0,0,0,0,9/24/2022,44,565.83,No Failure
170082,S5678,M,306.9,320.6,1820,51.6,200,1,1,0,0,0,0,5/6/2021,155,482.54,TWF
170083,T6789,H,290.3,303.1,2960,36.8,60,0,0,0,0,0,0,11/11/2022,32,601.92,No Failure
170084,U1234,L,308.4,322.2,1490,67.2,230,1,0,0,1,0,0,3/19/2021,139,693.17,PWF
170085,V4567,M,283.8,296.5,2650,49.3,100,0,0,0,0,0,0,8/30/2022,61,627.85,No Failure
170086,W7890,H,316.1,329.8,1630,57.6,190,0,0,0,0,0,0,1/24/2022,79,611.29,No Failure
170087,X0123,L,302.6,315.4,2230,40.5,25,0,0,0,0,0,0,6/18/2021,22,537.46,No Failure
170088,Y3456,M,298.4,311.2,2740,63.7,135,1,0,0,1,0,0,10/4/2022,103,679.58,PWF
170089,Z6789,H,289.9,302.6,1870,46.2,255,1,1,0,0,0,0,4/15/2021,173,455.72,TWF
170090,A9012,L,313.7,327.5,1410,71.9,120,1,0,1,0,0,0,9/9/2022,188,663.48,HDF
170091,B2345,M,293.4,306.1,2560,39.4,75,0,0,0,0,0,0,2/26/2021,41,594.33,No Failure
170092,C5678,H,305.3,318.9,2090,54.1,150,0,0,0,0,0,0,7/7/2022,70,622.74,No Failure
170093,D8901,L,286.7,299.5,2350,48.5,40,0,0,0,0,0,0,12/22/2021,28,552.91,No Failure
170094,E1234,M,310.2,323.8,1710,65.8,180,1,0,0,1,0,0,5/16/2022,122,687.36,PWF
170095,F4567,H,297.9,310.7,2900,35.2,95,1,0,0,1,0,0,1/8/2021,108,708.43,PWF
170096,G7890,L,304.9,318.5,1580,59.5,220,1,1,0,0,0,0,8/21/2022,162,467.89,TWF
170097,H0123,M,291.6,304.4,2490,43.7,15,0,0,0,0,0,0,3/30/2021,17,576.15,No Failure
170098,I3456,H,318.5,332.4,1340,68.9,200,1,0,1,0,0,0,11/2/2022,197,679.92,HDF
170099,J6789,L,296.3,309.2,2690,38.5,65,0,0,0,0,0,0,6/24/2021,47,538.74,No Failure
170100,K7890,M,311.8,325.7,1970,72.4,130,1,0,0,1,0,0,9/16/2022,116,690.53,PWF
170101,L1234,H,288.7,301.5,3020,37.1,245,1,0,0,1,0,0,4/9/2021,148,716.38,PWF
170102,M4567,L,300.9,314.3,1660,46.8,190,0,0,0,0,0,0,12/14/2022,75,557.69,No Failure
170103,N7890,M,294.6,307.5,2800,53.6,105,0,0,0,0,0,0,2/7/2021,56,635.27,No Failure
170104,O0123,H,307.4,321.6,1510,61.7,175,1,0,1,0,0,0,7/29/2022,184,676.94,HDF
170105,P3456,L,285.1,297.9,2440,42.4,30,0,0,0,0,0,0,5/23/2021,36,544.52,No Failure
170106,Q6789,M,316.8,330.7,1290,70.2,210,1,1,0,0,0,0,10/9/2022,170,448.61,TWF
170107,R9012,H,292.5,305.3,2670,40.9,140,0,0,0,0,0,0,3/14/2021,66,608.83,No Failure
170108,S2345,L,309.3,323.1,1840,55.8,85,0,0,0,0,0,0,8/4/2022,51,587.46,No Failure
170109,T5678,M,299.8,312.7,2180,47.6,205,1,1,0,0,0,0,11/28/2021,152,474.39,TWF
170110,U6789,H,287.4,300.2,3080,34.5,115,0,0,0,0,0,0,1/13/2022,84,649.17,No Failure
170111,V1234,L,314.5,328.3,1440,64.3,250,1,0,1,0,0,0,6/6/2021,193,683.25,HDF
170112,W4567,M,295.2,308.1,2600,49.4,45,0,0,0,0,0,0,9/27/2022,25,561.88,No Failure
170113,X7890,H,303.8,317.4,1950,57.2,160,0,0,0,0,0,0,4/19/2021,74,618.63,No Failure
170114,Y0123,L,317.3,331.2,1360,68.5,130,1,0,0,1,0,0,2/3/2022,130,695.47,PWF
170115,Z3456,M,289.2,302.1,2710,39.7,70,0,0,0,0,0,0,7/17/2022,43,590.25,No Failure
170116,A6789,H,310.9,324.8,1620,66.1,225,1,1,0,0,0,0,10/25/2021,165,459.83,TWF
170117,B9012,L,297.6,310.5,2450,44.2,95,0,0,0,0,0,0,5/12/2022,59,573.16,No Failure
170118,C2345,M,306.7,320.4,1770,52.3,185,0,0,0,0,0,0,12/9/2021,82,604.79,No Failure
170119,D5678,H,284.6,297.4,2930,36.2,235,1,0,0,1,0,0,3/2/2022,145,722.54,PWF
170120,E8901,L,319.1,332.9,1400,71.4,195,1,0,1,0,0,0,8/13/2021,190,671.33,HDF
170121,F1234,M,291.8,304.6,2610,41.5,55,0,0,0,0,0,0,11/5/2022,30,542.98,No Failure
170122,G4567,H,308.6,322.3,1560,63.9,125,0,0,0,0,0,0,1/29/2021,68,628.44,No Failure
170123,H7890,L,301.4,314.8,2290,48.7,215,1,1,0,0,0,0,6/14/2022,157,452.76,TWF
170124,I8901,M,288.9,301.7,2820,45.3,15,0,0,0,0,0,0,9/8/2021,33,581.63,No Failure
170125,J2345,H,315.9,329.8,1480,67.7,170,1,0,1,0,0,0,4/2/2022,185,684.19,HDF
170126,K5678,L,293.5,306.4,2500,37.9,80,0,0,0,0,0,0,10/19/2021,49,597.52,No Failure
170127,L6789,M,304.7,318.5,1900,59.4,145,0,0,0,0,0,0,2/16/2022,76,614.88,No Failure
170128,M1234,H,311.2,325.1,1670,62.8,240,1,1,0,0,0,0,7/25/2021,168,463.17,TWF
170129,N4567,L,286.3,299.2,2720,40.2,35,0,0,0,0,0,0,12/6/2022,24,549.86,No Failure
170130,O7890,M,300.6,314.3,2130,55.5,110,0,0,0,0,0,0,5/30/2021,63,625.49,No Failure
170131,P0123,H,318.7,332.9,1330,70.8,205,1,0,1,0,0,0,9/17/2022,198,678.32,HDF
170132,Q3456,L,292.8,305.7,2590,38.3,90,0,0,0,0,0,0,3/11/2021,50,569.74,No Failure
170133,R6789,M,307.3,321.2,1840,56.9,160,0,0,0,0,0,0,11/23/2022,86,604.15,No Failure
170134,S9012,H,284.7,297.6,2970,35.1,230,1,0,0,1,0,0,1/18/2021,136,709.68,PWF
170135,T2345,L,316.2,330.1,1420,69.2,190,1,0,0,1,0,0,8/7/2022,127,688.54,PWF
170136,U5678,M,295.8,308.7,2640,43.8,65,0,0,0,0,0,0,4/13/2021,39,592.77,No Failure
170137,V6789,H,309.7,323.6,1580,64.5,185,0,0,0,0,0,0,10/31/2022,73,636.42,No Failure
170138,W1234,L,302.3,315.9,2260,46.1,125,0,0,0,0,0,0,6/21/2021,55,558.29,No Failure
170139,X4567,M,288.1,300.9,2750,50.8,220,1,1,0,0,0,0,2/9/2022,150,471.35,TWF
170140,Y7890,H,313.4,327.2,1510,61.9,140,0,0,0,0,0,0,9/3/2021,78,612.87,No Failure
170141,Z0123,L,296.4,309.3,2460,42.6,35,0,0,0,0,0,0,5/27/2022,31,560.48,No Failure
170142,A3456,M,305.9,319.8,1930,53.2,105,0,0,0,0,0,0,12/12/2021,67,629.93,No Failure
170143,B6789,H,291.3,304.2,2990,37.4,255,1,0,0,1,0,0,3/20/2022,143,718.37,PWF
170144,C8901,L,318.2,332.1,1380,72.3,210,1,1,0,0,0,0,7/15/2021,174,445.86,TWF
170145,D1234,M,285.9,298.8,2680,44.5,45,0,0,0,0,0,0,10/8/2022,27,576.53,No Failure
170146,E4567,H,310.1,323.9,1650,58.7,170,1,0,1,0,0,0,4/2/2021,191,672.41,HDF
170147,F7890,L,294.7,307.6,2400,41.2,80,0,0,0,0,0,0,11/18/2022,46,543.69,No Failure
170148,G0123,M,303.5,317.3,2030,60.9,150,0,0,0,0,0,0,1/25/2021,87,618.47,No Failure
170149,H3456,H,308.4,322.2,1730,66.4,230,1,1,0,0,0,0,8/29/2022,163,460.92,TWF
170150,I6789,L,289.6,302.5,2830,39.1,25,0,0,0,0,0,0,6/12/2021,21,555.88,No Failure
170151,J7890,M,314.3,328.1,1470,63.7,115,0,0,0,0,0,0,2/23/2022,69,639.75,No Failure
170152,K1234,H,297.2,310.4,2850,35.8,205,1,0,0,1,0,0,9/14/2021,115,705.42,PWF
170153,L4567,L,305.7,319.6,1610,55.3,195,1,0,1,0,0,0,5/8/2022,188,681.67,HDF
170154,M7890,M,292.9,305.8,2560,47.5,70,0,0,0,0,0,0,12/1/2021,52,596.34,No Failure
170155,N0123,H,319.5,333.4,1350,68.9,240,1,1,0,0,0,0,7/19/2022,172,453.28,TWF
170156,O3456,L,286.4,299.3,2700,40.8,50,0,0,0,0,0,0,3/27/2021,34,563.81,No Failure
170157,P6789,M,307.8,321.7,1880,52.6,130,0,0,0,0,0,0,10/17/2022,77,622.96,No Failure
170158,Q9012,H,298.5,311.9,2600,62.3,185,1,0,0,1,0,0,4/29/2021,125,696.34,PWF
170159,R2345,L,311.3,325.2,1450,70.5,100,1,0,1,0,0,0,8/12/2022,197,674.58,HDF
170160,S5678,M,288.6,301.5,2770,38.2,90,0,0,0,0,0,0,11/8/2021,48,585.92,No Failure
170161,T6789,H,316.7,330.6,1520,65.8,215,1,1,0,0,0,0,6/3/2022,160,464.37,TWF
170162,U1234,L,295.4,308.3,2480,44.9,15,0,0,0,0,0,0,1/15/2021,26,548.79,No Failure
170163,V4567,M,304.2,318.1,1990,51.4,155,0,0,0,0,0,0,9/26/2022,83,615.43,No Failure
170164,W7890,H,291.8,304.7,3010,33.6,230,1,0,0,1,0,0,5/18/2021,137,720.91,PWF
170165,X0123,L,317.4,331.3,1390,69.1,125,0,0,0,0,0,0,12/28/2022,71,553.47,No Failure
170166,Y3456,M,289.5,302.4,2650,46.3,60,0,0,0,0,0,0,3/9/2021,40,589.66,No Failure
170167,Z6789,H,310.6,324.5,1700,59.6,200,1,1,0,0,0,0,7/31/2022,153,466.81,TWF
170168,A7890,L,301.8,315.7,2220,41.9,85,0,0,0,0,0,0,10/14/2021,56,572.33,No Failure
170169,B1234,M,308.9,322.8,1810,57.3,145,0,0,0,0,0,0,2/17/2022,79,608.72,No Failure
170170,C4567,H,287.3,300.2,2940,38.8,170,0,0,0,0,0,0,8/23/2021,95,647.85,No Failure
170171,D7890,L,312.6,326.5,1430,67.4,235,1,0,1,0,0,0,4/10/2022,192,682.39,HDF
170172,E0123,M,296.1,309.1,2580,42.7,35,0,0,0,0,0,0,11/29/2022,29,564.17,No Failure
170173,F3456,H,306.4,320.3,1640,63.2,190,1,0,0,1,0,0,6/17/2021,119,691.45,PWF
170174,G6789,L,293.2,306.2,2710,49.1,105,0,0,0,0,0,0,9/9/2022,65,594.83,No Failure
170175,H9012,M,315.1,329.1,1540,71.6,220,1,1,0,0,0,0,1/2/2022,167,455.19,TWF
170176,I2345,H,289.9,302.9,2910,35.4,80,0,0,0,0,0,0,5/25/2021,44,576.28,No Failure
170177,J5678,L,300.3,314.3,2330,45.8,135,0,0,0,0,0,0,12/19/2022,72,601.56,No Failure
170178,K6789,M,309.5,323.5,1780,54.2,200,1,1,0,0,0,0,3/4/2021,161,476.74,TWF
170179,L1234,H,285.7,298.7,3080,32.9,240,1,0,0,1,0,0,8/16/2022,134,724.67,PWF
170180,M4567,L,318.9,332.9,1370,70.8,195,1,0,1,0,0,0,10/31/2021,199,675.23,HDF
170181,N7890,M,292.4,305.4,2640,40.7,25,0,0,0,0,0,0,2/11/2022,23,554.96,No Failure
170182,O0123,H,310.3,324.3,1590,65.5,165,0,0,0,0,0,0,7/9/2021,81,629.38,No Failure
170183,P3456,L,299.1,312.5,2410,48.4,230,1,1,0,0,0,0,5/5/2022,157,467.42,TWF
170184,Q6789,M,307.6,321.6,1870,53.9,95,0,0,0,0,0,0,11/13/2021,62,619.55,No Failure
170185,R7890,H,295.3,308.7,2810,36.9,140,0,0,0,0,0,0,1/20/2022,88,600.14,No Failure
170186,S1234,L,314.7,328.7,1410,68.2,210,1,0,1,0,0,0,9/28/2022,186,687.69,HDF
170187,T4567,M,288.2,301.6,2690,44.7,75,0,0,0,0,0,0,4/18/2021,47,582.43,No Failure
170188,U7890,H,305.8,319.8,1920,58.1,185,0,0,0,0,0,0,12/5/2022,74,616.87,No Failure
170189,V0123,L,297.5,310.9,2520,42.3,50,0,0,0,0,0,0,6/29/2021,38,571.25,No Failure
170190,W3456,M,311.7,325.7,1680,60.2,225,1,1,0,0,0,0,3/16/2022,159,462.64,TWF
170191,X6789,H,290.6,304.0,2980,34.8,115,0,0,0,0,0,0,10/22/2021,59,606.93,No Failure
170192,Y9012,L,316.4,330.4,1460,69.9,130,1,0,0,1,0,0,8/5/2022,131,693.27,PWF
170193,Z2345,M,293.8,307.2,2730,46.5,160,0,0,0,0,0,0,2/19/2021,91,595.78,No Failure
170194,A5678,H,309.0,323.0,1570,64.1,255,1,1,0,0,0,0,7/1/2022,176,457.93,TWF
170195,B8901,L,300.7,314.1,2360,43.5,40,0,0,0,0,0,0,9/13/2021,32,551.46,No Failure
170196,C1234,M,304.9,318.9,1960,56.8,110,0,0,0,0,0,0,5/19/2022,68,627.62,No Failure
170197,D4567,H,286.9,300.3,2890,37.2,175,0,0,0,0,0,0,11/25/2021,85,643.19,No Failure
170198,E7890,L,315.5,329.5,1440,72.5,205,1,0,1,0,0,0,3/8/2022,195,673.46,HDF
170199,F0123,M,298.2,311.6,2660,41.8,90,0,0,0,0,0,0,12/17/2022,45,588.73,No Failure